-- MySQL dump 10.13  Distrib 8.0.19, for Win64 (x86_64)
--
-- Host: localhost    Database: atsdb
-- ------------------------------------------------------
-- Server version	8.0.19

/*!40101 SET @OLD_CHARACTER_SET_CLIENT=@@CHARACTER_SET_CLIENT */;
/*!40101 SET @OLD_CHARACTER_SET_RESULTS=@@CHARACTER_SET_RESULTS */;
/*!40101 SET @OLD_COLLATION_CONNECTION=@@COLLATION_CONNECTION */;
/*!50503 SET NAMES utf8mb4 */;
/*!40103 SET @OLD_TIME_ZONE=@@TIME_ZONE */;
/*!40103 SET TIME_ZONE='+00:00' */;
/*!40014 SET @OLD_UNIQUE_CHECKS=@@UNIQUE_CHECKS, UNIQUE_CHECKS=0 */;
/*!40014 SET @OLD_FOREIGN_KEY_CHECKS=@@FOREIGN_KEY_CHECKS, FOREIGN_KEY_CHECKS=0 */;
/*!40101 SET @OLD_SQL_MODE=@@SQL_MODE, SQL_MODE='NO_AUTO_VALUE_ON_ZERO' */;
/*!40111 SET @OLD_SQL_NOTES=@@SQL_NOTES, SQL_NOTES=0 */;

--
-- Current Database: `atsdb`
--

CREATE DATABASE /*!32312 IF NOT EXISTS*/ `atsdb` /*!40100 DEFAULT CHARACTER SET utf8mb4 COLLATE utf8mb4_0900_ai_ci */ /*!80016 DEFAULT ENCRYPTION='N' */;

USE `atsdb`;

--
-- Table structure for table `blanks`
--

DROP TABLE IF EXISTS `blanks`;
/*!40101 SET @saved_cs_client     = @@character_set_client */;
/*!50503 SET character_set_client = utf8mb4 */;
CREATE TABLE `blanks` (
  `ticketnumber` int(8) unsigned zerofill DEFAULT NULL,
  `blanktype` int DEFAULT NULL,
  `idstaff` varchar(45) DEFAULT NULL,
  `status` varchar(45) DEFAULT NULL,
  `bundle` varchar(45) DEFAULT NULL,
  `receivedDate` datetime DEFAULT NULL,
  `tid` int NOT NULL AUTO_INCREMENT,
  `assignedDate` datetime DEFAULT NULL,
  PRIMARY KEY (`tid`)
) ENGINE=InnoDB AUTO_INCREMENT=1394 DEFAULT CHARSET=utf8mb4 COLLATE=utf8mb4_0900_ai_ci;
/*!40101 SET character_set_client = @saved_cs_client */;

--
-- Dumping data for table `blanks`
--

LOCK TABLES `blanks` WRITE;
/*!40000 ALTER TABLE `blanks` DISABLE KEYS */;
INSERT INTO `blanks` VALUES (00000001,444,'250','sold','00000001 - 00000100','2019-04-01 00:00:00',523,'2019-04-01 00:00:00'),(00000002,444,'250','sold','00000001 - 00000100','2019-04-01 00:00:00',524,'2019-04-01 00:00:00'),(00000003,444,'250','sold','00000001 - 00000100','2019-04-01 00:00:00',525,'2019-04-01 00:00:00'),(00000004,444,'250','sold','00000001 - 00000100','2019-04-01 00:00:00',526,'2019-04-01 00:00:00'),(00000005,444,'250','assigned','00000001 - 00000100','2019-04-01 00:00:00',527,'2019-04-01 00:00:00'),(00000006,444,'250','assigned','00000001 - 00000100','2019-04-01 00:00:00',528,'2019-04-01 00:00:00'),(00000007,444,'250','assigned','00000001 - 00000100','2019-04-01 00:00:00',529,'2019-04-01 00:00:00'),(00000008,444,'250','assigned','00000001 - 00000100','2019-04-01 00:00:00',530,'2019-04-01 00:00:00'),(00000009,444,'250','assigned','00000001 - 00000100','2019-04-01 00:00:00',531,'2019-04-01 00:00:00'),(00000010,444,'250','assigned','00000001 - 00000100','2019-04-01 00:00:00',532,'2019-04-01 00:00:00'),(00000011,444,'250','assigned','00000001 - 00000100','2019-04-01 00:00:00',533,'2019-04-01 00:00:00'),(00000012,444,'250','assigned','00000001 - 00000100','2019-04-01 00:00:00',534,'2019-04-01 00:00:00'),(00000013,444,'250','assigned','00000001 - 00000100','2019-04-01 00:00:00',535,'2019-04-01 00:00:00'),(00000014,444,'250','assigned','00000001 - 00000100','2019-04-01 00:00:00',536,'2019-04-01 00:00:00'),(00000015,444,'250','assigned','00000001 - 00000100','2019-04-01 00:00:00',537,'2019-04-01 00:00:00'),(00000016,444,'250','assigned','00000001 - 00000100','2019-04-01 00:00:00',538,'2019-04-01 00:00:00'),(00000017,444,'250','assigned','00000001 - 00000100','2019-04-01 00:00:00',539,'2019-04-01 00:00:00'),(00000018,444,'250','assigned','00000001 - 00000100','2019-04-01 00:00:00',540,'2019-04-01 00:00:00'),(00000019,444,'250','assigned','00000001 - 00000100','2019-04-01 00:00:00',541,'2019-04-01 00:00:00'),(00000020,444,'250','assigned','00000001 - 00000100','2019-04-01 00:00:00',542,'2019-04-01 00:00:00'),(00000021,444,'211','sold','00000001 - 00000100','2019-04-01 00:00:00',543,'2019-04-05 00:00:00'),(00000022,444,'211','sold','00000001 - 00000100','2019-04-01 00:00:00',544,'2019-04-05 00:00:00'),(00000023,444,'211','assigned','00000001 - 00000100','2019-04-01 00:00:00',545,'2019-04-05 00:00:00'),(00000024,444,'211','assigned','00000001 - 00000100','2019-04-01 00:00:00',546,'2019-04-05 00:00:00'),(00000025,444,'211','assigned','00000001 - 00000100','2019-04-01 00:00:00',547,'2019-04-05 00:00:00'),(00000026,444,'211','assigned','00000001 - 00000100','2019-04-01 00:00:00',548,'2019-04-05 00:00:00'),(00000027,444,'211','assigned','00000001 - 00000100','2019-04-01 00:00:00',549,'2019-04-05 00:00:00'),(00000028,444,'211','assigned','00000001 - 00000100','2019-04-01 00:00:00',550,'2019-04-05 00:00:00'),(00000029,444,'211','assigned','00000001 - 00000100','2019-04-01 00:00:00',551,'2019-04-05 00:00:00'),(00000030,444,'211','assigned','00000001 - 00000100','2019-04-01 00:00:00',552,'2019-04-05 00:00:00'),(00000031,444,NULL,'stock','00000001 - 00000100','2019-04-01 00:00:00',553,NULL),(00000032,444,NULL,'stock','00000001 - 00000100','2019-04-01 00:00:00',554,NULL),(00000033,444,NULL,'stock','00000001 - 00000100','2019-04-01 00:00:00',555,NULL),(00000034,444,NULL,'stock','00000001 - 00000100','2019-04-01 00:00:00',556,NULL),(00000035,444,NULL,'stock','00000001 - 00000100','2019-04-01 00:00:00',557,NULL),(00000036,444,NULL,'stock','00000001 - 00000100','2019-04-01 00:00:00',558,NULL),(00000037,444,NULL,'stock','00000001 - 00000100','2019-04-01 00:00:00',559,NULL),(00000038,444,NULL,'stock','00000001 - 00000100','2019-04-01 00:00:00',560,NULL),(00000039,444,NULL,'stock','00000001 - 00000100','2019-04-01 00:00:00',561,NULL),(00000040,444,NULL,'stock','00000001 - 00000100','2019-04-01 00:00:00',562,NULL),(00000041,444,NULL,'stock','00000001 - 00000100','2019-04-01 00:00:00',563,NULL),(00000042,444,NULL,'stock','00000001 - 00000100','2019-04-01 00:00:00',564,NULL),(00000043,444,NULL,'stock','00000001 - 00000100','2019-04-01 00:00:00',565,NULL),(00000044,444,NULL,'stock','00000001 - 00000100','2019-04-01 00:00:00',566,NULL),(00000045,444,NULL,'stock','00000001 - 00000100','2019-04-01 00:00:00',567,NULL),(00000046,444,NULL,'stock','00000001 - 00000100','2019-04-01 00:00:00',568,NULL),(00000047,444,NULL,'stock','00000001 - 00000100','2019-04-01 00:00:00',569,NULL),(00000048,444,NULL,'stock','00000001 - 00000100','2019-04-01 00:00:00',570,NULL),(00000049,444,NULL,'stock','00000001 - 00000100','2019-04-01 00:00:00',571,NULL),(00000050,444,NULL,'stock','00000001 - 00000100','2019-04-01 00:00:00',572,NULL),(00000051,444,NULL,'stock','00000001 - 00000100','2019-04-01 00:00:00',573,NULL),(00000052,444,NULL,'stock','00000001 - 00000100','2019-04-01 00:00:00',574,NULL),(00000053,444,NULL,'stock','00000001 - 00000100','2019-04-01 00:00:00',575,NULL),(00000054,444,NULL,'stock','00000001 - 00000100','2019-04-01 00:00:00',576,NULL),(00000055,444,NULL,'stock','00000001 - 00000100','2019-04-01 00:00:00',577,NULL),(00000056,444,NULL,'stock','00000001 - 00000100','2019-04-01 00:00:00',578,NULL),(00000057,444,NULL,'stock','00000001 - 00000100','2019-04-01 00:00:00',579,NULL),(00000058,444,NULL,'stock','00000001 - 00000100','2019-04-01 00:00:00',580,NULL),(00000059,444,NULL,'stock','00000001 - 00000100','2019-04-01 00:00:00',581,NULL),(00000060,444,NULL,'stock','00000001 - 00000100','2019-04-01 00:00:00',582,NULL),(00000061,444,NULL,'stock','00000001 - 00000100','2019-04-01 00:00:00',583,NULL),(00000062,444,NULL,'stock','00000001 - 00000100','2019-04-01 00:00:00',584,NULL),(00000063,444,NULL,'stock','00000001 - 00000100','2019-04-01 00:00:00',585,NULL),(00000064,444,NULL,'stock','00000001 - 00000100','2019-04-01 00:00:00',586,NULL),(00000065,444,NULL,'stock','00000001 - 00000100','2019-04-01 00:00:00',587,NULL),(00000066,444,NULL,'stock','00000001 - 00000100','2019-04-01 00:00:00',588,NULL),(00000067,444,NULL,'stock','00000001 - 00000100','2019-04-01 00:00:00',589,NULL),(00000068,444,NULL,'stock','00000001 - 00000100','2019-04-01 00:00:00',590,NULL),(00000069,444,NULL,'stock','00000001 - 00000100','2019-04-01 00:00:00',591,NULL),(00000070,444,NULL,'stock','00000001 - 00000100','2019-04-01 00:00:00',592,NULL),(00000071,444,NULL,'stock','00000001 - 00000100','2019-04-01 00:00:00',593,NULL),(00000072,444,NULL,'stock','00000001 - 00000100','2019-04-01 00:00:00',594,NULL),(00000073,444,NULL,'stock','00000001 - 00000100','2019-04-01 00:00:00',595,NULL),(00000074,444,NULL,'stock','00000001 - 00000100','2019-04-01 00:00:00',596,NULL),(00000075,444,NULL,'stock','00000001 - 00000100','2019-04-01 00:00:00',597,NULL),(00000076,444,NULL,'stock','00000001 - 00000100','2019-04-01 00:00:00',598,NULL),(00000077,444,NULL,'stock','00000001 - 00000100','2019-04-01 00:00:00',599,NULL),(00000078,444,NULL,'stock','00000001 - 00000100','2019-04-01 00:00:00',600,NULL),(00000079,444,NULL,'stock','00000001 - 00000100','2019-04-01 00:00:00',601,NULL),(00000080,444,NULL,'stock','00000001 - 00000100','2019-04-01 00:00:00',602,NULL),(00000081,444,NULL,'stock','00000001 - 00000100','2019-04-01 00:00:00',603,NULL),(00000082,444,NULL,'stock','00000001 - 00000100','2019-04-01 00:00:00',604,NULL),(00000083,444,NULL,'stock','00000001 - 00000100','2019-04-01 00:00:00',605,NULL),(00000084,444,NULL,'stock','00000001 - 00000100','2019-04-01 00:00:00',606,NULL),(00000085,444,NULL,'stock','00000001 - 00000100','2019-04-01 00:00:00',607,NULL),(00000086,444,NULL,'stock','00000001 - 00000100','2019-04-01 00:00:00',608,NULL),(00000087,444,NULL,'stock','00000001 - 00000100','2019-04-01 00:00:00',609,NULL),(00000088,444,NULL,'stock','00000001 - 00000100','2019-04-01 00:00:00',610,NULL),(00000089,444,NULL,'stock','00000001 - 00000100','2019-04-01 00:00:00',611,NULL),(00000090,444,NULL,'stock','00000001 - 00000100','2019-04-01 00:00:00',612,NULL),(00000091,444,NULL,'stock','00000001 - 00000100','2019-04-01 00:00:00',613,NULL),(00000092,444,NULL,'stock','00000001 - 00000100','2019-04-01 00:00:00',614,NULL),(00000093,444,NULL,'stock','00000001 - 00000100','2019-04-01 00:00:00',615,NULL),(00000094,444,NULL,'stock','00000001 - 00000100','2019-04-01 00:00:00',616,NULL),(00000095,444,NULL,'stock','00000001 - 00000100','2019-04-01 00:00:00',617,NULL),(00000096,444,NULL,'stock','00000001 - 00000100','2019-04-01 00:00:00',618,NULL),(00000097,444,NULL,'stock','00000001 - 00000100','2019-04-01 00:00:00',619,NULL),(00000098,444,NULL,'stock','00000001 - 00000100','2019-04-01 00:00:00',620,NULL),(00000099,444,NULL,'stock','00000001 - 00000100','2019-04-01 00:00:00',621,NULL),(00000100,444,NULL,'stock','00000001 - 00000100','2019-04-01 00:00:00',622,NULL),(00000001,420,'250','assigned','00000001 - 00000100','2019-05-08 00:00:00',623,'2019-05-08 00:00:00'),(00000002,420,'250','assigned','00000001 - 00000100','2019-05-08 00:00:00',624,'2019-05-08 00:00:00'),(00000003,420,'250','assigned','00000001 - 00000100','2019-05-08 00:00:00',625,'2019-05-08 00:00:00'),(00000004,420,'250','assigned','00000001 - 00000100','2019-05-08 00:00:00',626,'2019-05-08 00:00:00'),(00000005,420,'250','assigned','00000001 - 00000100','2019-05-08 00:00:00',627,'2019-05-08 00:00:00'),(00000006,420,'250','assigned','00000001 - 00000100','2019-05-08 00:00:00',628,'2019-05-08 00:00:00'),(00000007,420,'250','assigned','00000001 - 00000100','2019-05-08 00:00:00',629,'2019-05-08 00:00:00'),(00000008,420,'250','assigned','00000001 - 00000100','2019-05-08 00:00:00',630,'2019-05-08 00:00:00'),(00000009,420,'250','assigned','00000001 - 00000100','2019-05-08 00:00:00',631,'2019-05-08 00:00:00'),(00000010,420,'250','assigned','00000001 - 00000100','2019-05-08 00:00:00',632,'2019-05-08 00:00:00'),(00000011,420,'250','assigned','00000001 - 00000100','2019-05-08 00:00:00',633,'2019-05-08 00:00:00'),(00000012,420,'250','assigned','00000001 - 00000100','2019-05-08 00:00:00',634,'2019-05-08 00:00:00'),(00000013,420,'250','assigned','00000001 - 00000100','2019-05-08 00:00:00',635,'2019-05-08 00:00:00'),(00000014,420,'250','assigned','00000001 - 00000100','2019-05-08 00:00:00',636,'2019-05-08 00:00:00'),(00000015,420,'250','assigned','00000001 - 00000100','2019-05-08 00:00:00',637,'2019-05-08 00:00:00'),(00000016,420,'250','assigned','00000001 - 00000100','2019-05-08 00:00:00',638,'2019-05-08 00:00:00'),(00000017,420,'250','assigned','00000001 - 00000100','2019-05-08 00:00:00',639,'2019-05-08 00:00:00'),(00000018,420,'250','assigned','00000001 - 00000100','2019-05-08 00:00:00',640,'2019-05-08 00:00:00'),(00000019,420,'250','assigned','00000001 - 00000100','2019-05-08 00:00:00',641,'2019-05-08 00:00:00'),(00000020,420,'250','assigned','00000001 - 00000100','2019-05-08 00:00:00',642,'2019-05-08 00:00:00'),(00000021,420,'250','assigned','00000001 - 00000100','2019-05-08 00:00:00',643,'2019-05-08 00:00:00'),(00000022,420,'250','assigned','00000001 - 00000100','2019-05-08 00:00:00',644,'2019-05-08 00:00:00'),(00000023,420,'250','assigned','00000001 - 00000100','2019-05-08 00:00:00',645,'2019-05-08 00:00:00'),(00000024,420,'250','assigned','00000001 - 00000100','2019-05-08 00:00:00',646,'2019-05-08 00:00:00'),(00000025,420,'250','assigned','00000001 - 00000100','2019-05-08 00:00:00',647,'2019-05-08 00:00:00'),(00000026,420,'250','assigned','00000001 - 00000100','2019-05-08 00:00:00',648,'2019-05-08 00:00:00'),(00000027,420,'250','assigned','00000001 - 00000100','2019-05-08 00:00:00',649,'2019-05-08 00:00:00'),(00000028,420,'250','assigned','00000001 - 00000100','2019-05-08 00:00:00',650,'2019-05-08 00:00:00'),(00000029,420,'250','assigned','00000001 - 00000100','2019-05-08 00:00:00',651,'2019-05-08 00:00:00'),(00000030,420,'250','assigned','00000001 - 00000100','2019-05-08 00:00:00',652,'2019-05-08 00:00:00'),(00000031,420,'211','assigned','00000001 - 00000100','2019-05-08 00:00:00',653,'2019-05-10 00:00:00'),(00000032,420,'211','assigned','00000001 - 00000100','2019-05-08 00:00:00',654,'2019-05-10 00:00:00'),(00000033,420,'211','assigned','00000001 - 00000100','2019-05-08 00:00:00',655,'2019-05-10 00:00:00'),(00000034,420,'211','assigned','00000001 - 00000100','2019-05-08 00:00:00',656,'2019-05-10 00:00:00'),(00000035,420,'211','assigned','00000001 - 00000100','2019-05-08 00:00:00',657,'2019-05-10 00:00:00'),(00000036,420,'211','assigned','00000001 - 00000100','2019-05-08 00:00:00',658,'2019-05-10 00:00:00'),(00000037,420,'211','assigned','00000001 - 00000100','2019-05-08 00:00:00',659,'2019-05-10 00:00:00'),(00000038,420,'211','assigned','00000001 - 00000100','2019-05-08 00:00:00',660,'2019-05-10 00:00:00'),(00000039,420,'211','assigned','00000001 - 00000100','2019-05-08 00:00:00',661,'2019-05-10 00:00:00'),(00000040,420,'211','assigned','00000001 - 00000100','2019-05-08 00:00:00',662,'2019-05-10 00:00:00'),(00000041,420,'211','assigned','00000001 - 00000100','2019-05-08 00:00:00',663,'2019-05-10 00:00:00'),(00000042,420,'211','assigned','00000001 - 00000100','2019-05-08 00:00:00',664,'2019-05-10 00:00:00'),(00000043,420,'211','assigned','00000001 - 00000100','2019-05-08 00:00:00',665,'2019-05-10 00:00:00'),(00000044,420,'211','assigned','00000001 - 00000100','2019-05-08 00:00:00',666,'2019-05-10 00:00:00'),(00000045,420,'211','assigned','00000001 - 00000100','2019-05-08 00:00:00',667,'2019-05-10 00:00:00'),(00000046,420,'211','assigned','00000001 - 00000100','2019-05-08 00:00:00',668,'2019-05-10 00:00:00'),(00000047,420,'211','assigned','00000001 - 00000100','2019-05-08 00:00:00',669,'2019-05-10 00:00:00'),(00000048,420,'211','assigned','00000001 - 00000100','2019-05-08 00:00:00',670,'2019-05-10 00:00:00'),(00000049,420,'211','assigned','00000001 - 00000100','2019-05-08 00:00:00',671,'2019-05-10 00:00:00'),(00000050,420,'211','assigned','00000001 - 00000100','2019-05-08 00:00:00',672,'2019-05-10 00:00:00'),(00000051,420,NULL,'stock','00000001 - 00000100','2019-05-08 00:00:00',673,NULL),(00000052,420,NULL,'stock','00000001 - 00000100','2019-05-08 00:00:00',674,NULL),(00000053,420,NULL,'stock','00000001 - 00000100','2019-05-08 00:00:00',675,NULL),(00000054,420,NULL,'stock','00000001 - 00000100','2019-05-08 00:00:00',676,NULL),(00000055,420,NULL,'stock','00000001 - 00000100','2019-05-08 00:00:00',677,NULL),(00000056,420,NULL,'stock','00000001 - 00000100','2019-05-08 00:00:00',678,NULL),(00000057,420,NULL,'stock','00000001 - 00000100','2019-05-08 00:00:00',679,NULL),(00000058,420,NULL,'stock','00000001 - 00000100','2019-05-08 00:00:00',680,NULL),(00000059,420,NULL,'stock','00000001 - 00000100','2019-05-08 00:00:00',681,NULL),(00000060,420,NULL,'stock','00000001 - 00000100','2019-05-08 00:00:00',682,NULL),(00000061,420,NULL,'stock','00000001 - 00000100','2019-05-08 00:00:00',683,NULL),(00000062,420,NULL,'stock','00000001 - 00000100','2019-05-08 00:00:00',684,NULL),(00000063,420,NULL,'stock','00000001 - 00000100','2019-05-08 00:00:00',685,NULL),(00000064,420,NULL,'stock','00000001 - 00000100','2019-05-08 00:00:00',686,NULL),(00000065,420,NULL,'stock','00000001 - 00000100','2019-05-08 00:00:00',687,NULL),(00000066,420,NULL,'stock','00000001 - 00000100','2019-05-08 00:00:00',688,NULL),(00000067,420,NULL,'stock','00000001 - 00000100','2019-05-08 00:00:00',689,NULL),(00000068,420,NULL,'stock','00000001 - 00000100','2019-05-08 00:00:00',690,NULL),(00000069,420,NULL,'stock','00000001 - 00000100','2019-05-08 00:00:00',691,NULL),(00000070,420,NULL,'stock','00000001 - 00000100','2019-05-08 00:00:00',692,NULL),(00000071,420,NULL,'stock','00000001 - 00000100','2019-05-08 00:00:00',693,NULL),(00000072,420,NULL,'stock','00000001 - 00000100','2019-05-08 00:00:00',694,NULL),(00000073,420,NULL,'stock','00000001 - 00000100','2019-05-08 00:00:00',695,NULL),(00000074,420,NULL,'stock','00000001 - 00000100','2019-05-08 00:00:00',696,NULL),(00000075,420,NULL,'stock','00000001 - 00000100','2019-05-08 00:00:00',697,NULL),(00000076,420,NULL,'stock','00000001 - 00000100','2019-05-08 00:00:00',698,NULL),(00000077,420,NULL,'stock','00000001 - 00000100','2019-05-08 00:00:00',699,NULL),(00000078,420,NULL,'stock','00000001 - 00000100','2019-05-08 00:00:00',700,NULL),(00000079,420,NULL,'stock','00000001 - 00000100','2019-05-08 00:00:00',701,NULL),(00000080,420,NULL,'stock','00000001 - 00000100','2019-05-08 00:00:00',702,NULL),(00000081,420,NULL,'stock','00000001 - 00000100','2019-05-08 00:00:00',703,NULL),(00000082,420,NULL,'stock','00000001 - 00000100','2019-05-08 00:00:00',704,NULL),(00000083,420,NULL,'stock','00000001 - 00000100','2019-05-08 00:00:00',705,NULL),(00000084,420,NULL,'stock','00000001 - 00000100','2019-05-08 00:00:00',706,NULL),(00000085,420,NULL,'stock','00000001 - 00000100','2019-05-08 00:00:00',707,NULL),(00000086,420,NULL,'stock','00000001 - 00000100','2019-05-08 00:00:00',708,NULL),(00000087,420,NULL,'stock','00000001 - 00000100','2019-05-08 00:00:00',709,NULL),(00000088,420,NULL,'stock','00000001 - 00000100','2019-05-08 00:00:00',710,NULL),(00000089,420,NULL,'stock','00000001 - 00000100','2019-05-08 00:00:00',711,NULL),(00000090,420,NULL,'stock','00000001 - 00000100','2019-05-08 00:00:00',712,NULL),(00000091,420,NULL,'stock','00000001 - 00000100','2019-05-08 00:00:00',713,NULL),(00000092,420,NULL,'stock','00000001 - 00000100','2019-05-08 00:00:00',714,NULL),(00000093,420,NULL,'stock','00000001 - 00000100','2019-05-08 00:00:00',715,NULL),(00000094,420,NULL,'stock','00000001 - 00000100','2019-05-08 00:00:00',716,NULL),(00000095,420,NULL,'stock','00000001 - 00000100','2019-05-08 00:00:00',717,NULL),(00000096,420,NULL,'stock','00000001 - 00000100','2019-05-08 00:00:00',718,NULL),(00000097,420,NULL,'stock','00000001 - 00000100','2019-05-08 00:00:00',719,NULL),(00000098,420,NULL,'stock','00000001 - 00000100','2019-05-08 00:00:00',720,NULL),(00000099,420,NULL,'stock','00000001 - 00000100','2019-05-08 00:00:00',721,NULL),(00000100,420,NULL,'stock','00000001 - 00000100','2019-05-08 00:00:00',722,NULL),(00000001,201,'250','sold','00000001 - 00000100','2019-06-03 00:00:00',723,'2019-06-03 00:00:00'),(00000002,201,'250','sold','00000001 - 00000100','2019-06-03 00:00:00',724,'2019-06-03 00:00:00'),(00000003,201,'250','assigned','00000001 - 00000100','2019-06-03 00:00:00',725,'2019-06-03 00:00:00'),(00000004,201,'250','assigned','00000001 - 00000100','2019-06-03 00:00:00',726,'2019-06-03 00:00:00'),(00000005,201,'250','assigned','00000001 - 00000100','2019-06-03 00:00:00',727,'2019-06-03 00:00:00'),(00000006,201,'250','assigned','00000001 - 00000100','2019-06-03 00:00:00',728,'2019-06-03 00:00:00'),(00000007,201,'250','assigned','00000001 - 00000100','2019-06-03 00:00:00',729,'2019-06-03 00:00:00'),(00000008,201,'250','assigned','00000001 - 00000100','2019-06-03 00:00:00',730,'2019-06-03 00:00:00'),(00000009,201,'250','assigned','00000001 - 00000100','2019-06-03 00:00:00',731,'2019-06-03 00:00:00'),(00000010,201,'250','assigned','00000001 - 00000100','2019-06-03 00:00:00',732,'2019-06-03 00:00:00'),(00000011,201,'211','sold','00000001 - 00000100','2019-06-03 00:00:00',733,'2019-06-15 00:00:00'),(00000012,201,'211','assigned','00000001 - 00000100','2019-06-03 00:00:00',734,'2019-06-15 00:00:00'),(00000013,201,'211','assigned','00000001 - 00000100','2019-06-03 00:00:00',735,'2019-06-15 00:00:00'),(00000014,201,'211','assigned','00000001 - 00000100','2019-06-03 00:00:00',736,'2019-06-15 00:00:00'),(00000015,201,'211','assigned','00000001 - 00000100','2019-06-03 00:00:00',737,'2019-06-15 00:00:00'),(00000016,201,'211','assigned','00000001 - 00000100','2019-06-03 00:00:00',738,'2019-06-15 00:00:00'),(00000017,201,'211','assigned','00000001 - 00000100','2019-06-03 00:00:00',739,'2019-06-15 00:00:00'),(00000018,201,'211','assigned','00000001 - 00000100','2019-06-03 00:00:00',740,'2019-06-15 00:00:00'),(00000019,201,'211','assigned','00000001 - 00000100','2019-06-03 00:00:00',741,'2019-06-15 00:00:00'),(00000020,201,'211','assigned','00000001 - 00000100','2019-06-03 00:00:00',742,'2019-06-15 00:00:00'),(00000021,201,'211','assigned','00000001 - 00000100','2019-06-03 00:00:00',743,'2019-06-15 00:00:00'),(00000022,201,'211','assigned','00000001 - 00000100','2019-06-03 00:00:00',744,'2019-06-15 00:00:00'),(00000023,201,'211','assigned','00000001 - 00000100','2019-06-03 00:00:00',745,'2019-06-15 00:00:00'),(00000024,201,'211','assigned','00000001 - 00000100','2019-06-03 00:00:00',746,'2019-06-15 00:00:00'),(00000025,201,'211','assigned','00000001 - 00000100','2019-06-03 00:00:00',747,'2019-06-15 00:00:00'),(00000026,201,NULL,'stock','00000001 - 00000100','2019-06-03 00:00:00',748,NULL),(00000027,201,NULL,'stock','00000001 - 00000100','2019-06-03 00:00:00',749,NULL),(00000028,201,NULL,'stock','00000001 - 00000100','2019-06-03 00:00:00',750,NULL),(00000029,201,NULL,'stock','00000001 - 00000100','2019-06-03 00:00:00',751,NULL),(00000030,201,NULL,'stock','00000001 - 00000100','2019-06-03 00:00:00',752,NULL),(00000031,201,NULL,'stock','00000001 - 00000100','2019-06-03 00:00:00',753,NULL),(00000032,201,NULL,'stock','00000001 - 00000100','2019-06-03 00:00:00',754,NULL),(00000033,201,NULL,'stock','00000001 - 00000100','2019-06-03 00:00:00',755,NULL),(00000034,201,NULL,'stock','00000001 - 00000100','2019-06-03 00:00:00',756,NULL),(00000035,201,NULL,'stock','00000001 - 00000100','2019-06-03 00:00:00',757,NULL),(00000036,201,NULL,'stock','00000001 - 00000100','2019-06-03 00:00:00',758,NULL),(00000037,201,NULL,'stock','00000001 - 00000100','2019-06-03 00:00:00',759,NULL),(00000038,201,NULL,'stock','00000001 - 00000100','2019-06-03 00:00:00',760,NULL),(00000039,201,NULL,'stock','00000001 - 00000100','2019-06-03 00:00:00',761,NULL),(00000040,201,NULL,'stock','00000001 - 00000100','2019-06-03 00:00:00',762,NULL),(00000041,201,NULL,'stock','00000001 - 00000100','2019-06-03 00:00:00',763,NULL),(00000042,201,NULL,'stock','00000001 - 00000100','2019-06-03 00:00:00',764,NULL),(00000043,201,NULL,'stock','00000001 - 00000100','2019-06-03 00:00:00',765,NULL),(00000044,201,NULL,'stock','00000001 - 00000100','2019-06-03 00:00:00',766,NULL),(00000045,201,NULL,'stock','00000001 - 00000100','2019-06-03 00:00:00',767,NULL),(00000046,201,NULL,'stock','00000001 - 00000100','2019-06-03 00:00:00',768,NULL),(00000047,201,NULL,'stock','00000001 - 00000100','2019-06-03 00:00:00',769,NULL),(00000048,201,NULL,'stock','00000001 - 00000100','2019-06-03 00:00:00',770,NULL),(00000049,201,NULL,'stock','00000001 - 00000100','2019-06-03 00:00:00',771,NULL),(00000050,201,NULL,'stock','00000001 - 00000100','2019-06-03 00:00:00',772,NULL),(00000051,201,NULL,'stock','00000001 - 00000100','2019-06-03 00:00:00',773,NULL),(00000052,201,NULL,'stock','00000001 - 00000100','2019-06-03 00:00:00',774,NULL),(00000053,201,NULL,'stock','00000001 - 00000100','2019-06-03 00:00:00',775,NULL),(00000054,201,NULL,'stock','00000001 - 00000100','2019-06-03 00:00:00',776,NULL),(00000055,201,NULL,'stock','00000001 - 00000100','2019-06-03 00:00:00',777,NULL),(00000056,201,NULL,'stock','00000001 - 00000100','2019-06-03 00:00:00',778,NULL),(00000057,201,NULL,'stock','00000001 - 00000100','2019-06-03 00:00:00',779,NULL),(00000058,201,NULL,'stock','00000001 - 00000100','2019-06-03 00:00:00',780,NULL),(00000059,201,NULL,'stock','00000001 - 00000100','2019-06-03 00:00:00',781,NULL),(00000060,201,NULL,'stock','00000001 - 00000100','2019-06-03 00:00:00',782,NULL),(00000061,201,NULL,'stock','00000001 - 00000100','2019-06-03 00:00:00',783,NULL),(00000062,201,NULL,'stock','00000001 - 00000100','2019-06-03 00:00:00',784,NULL),(00000063,201,NULL,'stock','00000001 - 00000100','2019-06-03 00:00:00',785,NULL),(00000064,201,NULL,'stock','00000001 - 00000100','2019-06-03 00:00:00',786,NULL),(00000065,201,NULL,'stock','00000001 - 00000100','2019-06-03 00:00:00',787,NULL),(00000066,201,NULL,'stock','00000001 - 00000100','2019-06-03 00:00:00',788,NULL),(00000067,201,NULL,'stock','00000001 - 00000100','2019-06-03 00:00:00',789,NULL),(00000068,201,NULL,'stock','00000001 - 00000100','2019-06-03 00:00:00',790,NULL),(00000069,201,NULL,'stock','00000001 - 00000100','2019-06-03 00:00:00',791,NULL),(00000070,201,NULL,'stock','00000001 - 00000100','2019-06-03 00:00:00',792,NULL),(00000071,201,NULL,'stock','00000001 - 00000100','2019-06-03 00:00:00',793,NULL),(00000072,201,NULL,'stock','00000001 - 00000100','2019-06-03 00:00:00',794,NULL),(00000073,201,NULL,'stock','00000001 - 00000100','2019-06-03 00:00:00',795,NULL),(00000074,201,NULL,'stock','00000001 - 00000100','2019-06-03 00:00:00',796,NULL),(00000075,201,NULL,'stock','00000001 - 00000100','2019-06-03 00:00:00',797,NULL),(00000076,201,NULL,'stock','00000001 - 00000100','2019-06-03 00:00:00',798,NULL),(00000077,201,NULL,'stock','00000001 - 00000100','2019-06-03 00:00:00',799,NULL),(00000078,201,NULL,'stock','00000001 - 00000100','2019-06-03 00:00:00',800,NULL),(00000079,201,NULL,'stock','00000001 - 00000100','2019-06-03 00:00:00',801,NULL),(00000080,201,NULL,'stock','00000001 - 00000100','2019-06-03 00:00:00',802,NULL),(00000081,201,NULL,'stock','00000001 - 00000100','2019-06-03 00:00:00',803,NULL),(00000082,201,NULL,'stock','00000001 - 00000100','2019-06-03 00:00:00',804,NULL),(00000083,201,NULL,'stock','00000001 - 00000100','2019-06-03 00:00:00',805,NULL),(00000084,201,NULL,'stock','00000001 - 00000100','2019-06-03 00:00:00',806,NULL),(00000085,201,NULL,'stock','00000001 - 00000100','2019-06-03 00:00:00',807,NULL),(00000086,201,NULL,'stock','00000001 - 00000100','2019-06-03 00:00:00',808,NULL),(00000087,201,NULL,'stock','00000001 - 00000100','2019-06-03 00:00:00',809,NULL),(00000088,201,NULL,'stock','00000001 - 00000100','2019-06-03 00:00:00',810,NULL),(00000089,201,NULL,'stock','00000001 - 00000100','2019-06-03 00:00:00',811,NULL),(00000090,201,NULL,'stock','00000001 - 00000100','2019-06-03 00:00:00',812,NULL),(00000091,201,NULL,'stock','00000001 - 00000100','2019-06-03 00:00:00',813,NULL),(00000092,201,NULL,'stock','00000001 - 00000100','2019-06-03 00:00:00',814,NULL),(00000093,201,NULL,'stock','00000001 - 00000100','2019-06-03 00:00:00',815,NULL),(00000094,201,NULL,'stock','00000001 - 00000100','2019-06-03 00:00:00',816,NULL),(00000095,201,NULL,'stock','00000001 - 00000100','2019-06-03 00:00:00',817,NULL),(00000096,201,NULL,'stock','00000001 - 00000100','2019-06-03 00:00:00',818,NULL),(00000097,201,NULL,'stock','00000001 - 00000100','2019-06-03 00:00:00',819,NULL),(00000098,201,NULL,'stock','00000001 - 00000100','2019-06-03 00:00:00',820,NULL),(00000099,201,NULL,'stock','00000001 - 00000100','2019-06-03 00:00:00',821,NULL),(00000100,201,NULL,'stock','00000001 - 00000100','2019-06-03 00:00:00',822,NULL),(00000001,101,'211','assigned','00000001 - 00000050','2019-07-09 00:00:00',823,'2019-07-11 00:00:00'),(00000002,101,'211','assigned','00000001 - 00000050','2019-07-09 00:00:00',824,'2019-07-11 00:00:00'),(00000003,101,'211','assigned','00000001 - 00000050','2019-07-09 00:00:00',825,'2019-07-11 00:00:00'),(00000004,101,'211','assigned','00000001 - 00000050','2019-07-09 00:00:00',826,'2019-07-11 00:00:00'),(00000005,101,'211','assigned','00000001 - 00000050','2019-07-09 00:00:00',827,'2019-07-11 00:00:00'),(00000006,101,'211','assigned','00000001 - 00000050','2019-07-09 00:00:00',828,'2019-07-11 00:00:00'),(00000007,101,'211','assigned','00000001 - 00000050','2019-07-09 00:00:00',829,'2019-07-11 00:00:00'),(00000008,101,'211','assigned','00000001 - 00000050','2019-07-09 00:00:00',830,'2019-07-11 00:00:00'),(00000009,101,'211','assigned','00000001 - 00000050','2019-07-09 00:00:00',831,'2019-07-11 00:00:00'),(00000010,101,'211','assigned','00000001 - 00000050','2019-07-09 00:00:00',832,'2019-07-11 00:00:00'),(00000011,101,'211','assigned','00000001 - 00000050','2019-07-09 00:00:00',833,'2019-07-11 00:00:00'),(00000012,101,'211','assigned','00000001 - 00000050','2019-07-09 00:00:00',834,'2019-07-11 00:00:00'),(00000013,101,'211','assigned','00000001 - 00000050','2019-07-09 00:00:00',835,'2019-07-11 00:00:00'),(00000014,101,'211','assigned','00000001 - 00000050','2019-07-09 00:00:00',836,'2019-07-11 00:00:00'),(00000015,101,'211','assigned','00000001 - 00000050','2019-07-09 00:00:00',837,'2019-07-11 00:00:00'),(00000016,101,'211','assigned','00000001 - 00000050','2019-07-09 00:00:00',838,'2019-07-11 00:00:00'),(00000017,101,'211','assigned','00000001 - 00000050','2019-07-09 00:00:00',839,'2019-07-11 00:00:00'),(00000018,101,'211','assigned','00000001 - 00000050','2019-07-09 00:00:00',840,'2019-07-11 00:00:00'),(00000019,101,'211','assigned','00000001 - 00000050','2019-07-09 00:00:00',841,'2019-07-11 00:00:00'),(00000020,101,'211','assigned','00000001 - 00000050','2019-07-09 00:00:00',842,'2019-07-11 00:00:00'),(00000021,101,'211','assigned','00000001 - 00000050','2019-07-09 00:00:00',843,'2019-07-11 00:00:00'),(00000022,101,'211','assigned','00000001 - 00000050','2019-07-09 00:00:00',844,'2019-07-11 00:00:00'),(00000023,101,'211','assigned','00000001 - 00000050','2019-07-09 00:00:00',845,'2019-07-11 00:00:00'),(00000024,101,'211','assigned','00000001 - 00000050','2019-07-09 00:00:00',846,'2019-07-11 00:00:00'),(00000025,101,'211','assigned','00000001 - 00000050','2019-07-09 00:00:00',847,'2019-07-11 00:00:00'),(00000026,101,'211','assigned','00000001 - 00000050','2019-07-09 00:00:00',848,'2019-07-11 00:00:00'),(00000027,101,'211','assigned','00000001 - 00000050','2019-07-09 00:00:00',849,'2019-07-11 00:00:00'),(00000028,101,'211','assigned','00000001 - 00000050','2019-07-09 00:00:00',850,'2019-07-11 00:00:00'),(00000029,101,'211','assigned','00000001 - 00000050','2019-07-09 00:00:00',851,'2019-07-11 00:00:00'),(00000030,101,'211','assigned','00000001 - 00000050','2019-07-09 00:00:00',852,'2019-07-11 00:00:00'),(00000031,101,'211','assigned','00000001 - 00000050','2019-07-09 00:00:00',853,'2019-07-11 00:00:00'),(00000032,101,'211','assigned','00000001 - 00000050','2019-07-09 00:00:00',854,'2019-07-11 00:00:00'),(00000033,101,'211','assigned','00000001 - 00000050','2019-07-09 00:00:00',855,'2019-07-11 00:00:00'),(00000034,101,'211','assigned','00000001 - 00000050','2019-07-09 00:00:00',856,'2019-07-11 00:00:00'),(00000035,101,'211','assigned','00000001 - 00000050','2019-07-09 00:00:00',857,'2019-07-11 00:00:00'),(00000036,101,'211','assigned','00000001 - 00000050','2019-07-09 00:00:00',858,'2019-07-11 00:00:00'),(00000037,101,'211','assigned','00000001 - 00000050','2019-07-09 00:00:00',859,'2019-07-11 00:00:00'),(00000038,101,'211','assigned','00000001 - 00000050','2019-07-09 00:00:00',860,'2019-07-11 00:00:00'),(00000039,101,'211','assigned','00000001 - 00000050','2019-07-09 00:00:00',861,'2019-07-11 00:00:00'),(00000040,101,'211','assigned','00000001 - 00000050','2019-07-09 00:00:00',862,'2019-07-11 00:00:00'),(00000041,101,'211','assigned','00000001 - 00000050','2019-07-09 00:00:00',863,'2019-07-11 00:00:00'),(00000042,101,'211','assigned','00000001 - 00000050','2019-07-09 00:00:00',864,'2019-07-11 00:00:00'),(00000043,101,'211','assigned','00000001 - 00000050','2019-07-09 00:00:00',865,'2019-07-11 00:00:00'),(00000044,101,'211','assigned','00000001 - 00000050','2019-07-09 00:00:00',866,'2019-07-11 00:00:00'),(00000045,101,'211','assigned','00000001 - 00000050','2019-07-09 00:00:00',867,'2019-07-11 00:00:00'),(00000046,101,'211','assigned','00000001 - 00000050','2019-07-09 00:00:00',868,'2019-07-11 00:00:00'),(00000047,101,'211','assigned','00000001 - 00000050','2019-07-09 00:00:00',869,'2019-07-11 00:00:00'),(00000048,101,'211','assigned','00000001 - 00000050','2019-07-09 00:00:00',870,'2019-07-11 00:00:00'),(00000049,101,'211','assigned','00000001 - 00000050','2019-07-09 00:00:00',871,'2019-07-11 00:00:00'),(00000050,101,'211','assigned','00000001 - 00000050','2019-07-09 00:00:00',872,'2019-07-11 00:00:00');
/*!40000 ALTER TABLE `blanks` ENABLE KEYS */;
UNLOCK TABLES;

--
-- Table structure for table `commissions`
--

DROP TABLE IF EXISTS `commissions`;
/*!40101 SET @saved_cs_client     = @@character_set_client */;
/*!50503 SET character_set_client = utf8mb4 */;
CREATE TABLE `commissions` (
  `idcommissions` int NOT NULL,
  `blanktype` varchar(3) DEFAULT NULL,
  `commissionrate` decimal(4,2) DEFAULT NULL,
  `idtravelagents` varchar(45) DEFAULT NULL,
  PRIMARY KEY (`idcommissions`)
) ENGINE=InnoDB DEFAULT CHARSET=utf8mb4 COLLATE=utf8mb4_0900_ai_ci;
/*!40101 SET character_set_client = @saved_cs_client */;

--
-- Dumping data for table `commissions`
--

LOCK TABLES `commissions` WRITE;
/*!40000 ALTER TABLE `commissions` DISABLE KEYS */;
INSERT INTO `commissions` VALUES (1,'444',9.00,'1'),(2,'440',7.50,'1'),(3,'420',10.00,'1'),(4,'201',5.00,'1'),(5,'101',8.00,'1'),(6,'451',15.00,'1'),(7,'452',5.00,'1');
/*!40000 ALTER TABLE `commissions` ENABLE KEYS */;
UNLOCK TABLES;

--
-- Table structure for table `creditcard`
--

DROP TABLE IF EXISTS `creditcard`;
/*!40101 SET @saved_cs_client     = @@character_set_client */;
/*!50503 SET character_set_client = utf8mb4 */;
CREATE TABLE `creditcard` (
  `idcreditcard` int NOT NULL AUTO_INCREMENT,
  `email` varchar(45) DEFAULT NULL,
  `name` varchar(45) DEFAULT NULL,
  `cardnumber` varchar(45) DEFAULT NULL,
  `expire` varchar(8) DEFAULT NULL,
  `ticketnumber` int(8) unsigned zerofill DEFAULT NULL,
  PRIMARY KEY (`idcreditcard`)
) ENGINE=InnoDB AUTO_INCREMENT=15 DEFAULT CHARSET=utf8mb4 COLLATE=utf8mb4_0900_ai_ci;
/*!40101 SET character_set_client = @saved_cs_client */;

--
-- Dumping data for table `creditcard`
--

LOCK TABLES `creditcard` WRITE;
/*!40000 ALTER TABLE `creditcard` DISABLE KEYS */;
INSERT INTO `creditcard` VALUES (5,'',NULL,'casualcustomer',NULL,00000002),(6,'',NULL,'VISA 6454 9863 8733 8876',NULL,00000002),(7,'',NULL,'VISA 4901 0002 2345 3456',NULL,00000524),(8,'',NULL,'- VISA 6454 9863 8733 8876',NULL,00000724),(9,'',NULL,'VISA 7449 1555 4589 3456',NULL,00000544),(13,'SarahB',NULL,'MC 5301 0234 5698 1234',NULL,00000543),(14,'DaveD',NULL,'VISA 5899 4554 3265 5121.',NULL,00000525);
/*!40000 ALTER TABLE `creditcard` ENABLE KEYS */;
UNLOCK TABLES;

--
-- Table structure for table `customerdetails`
--

DROP TABLE IF EXISTS `customerdetails`;
/*!40101 SET @saved_cs_client     = @@character_set_client */;
/*!50503 SET character_set_client = utf8mb4 */;
CREATE TABLE `customerdetails` (
  `email` varchar(45) NOT NULL,
  `firstname` varchar(45) DEFAULT NULL,
  `surname` varchar(45) DEFAULT NULL,
  `customerType` varchar(45) DEFAULT NULL,
  `iddiscount` int DEFAULT NULL,
  PRIMARY KEY (`email`)
) ENGINE=InnoDB DEFAULT CHARSET=utf8mb4 COLLATE=utf8mb4_0900_ai_ci;
/*!40101 SET character_set_client = @saved_cs_client */;

--
-- Dumping data for table `customerdetails`
--

LOCK TABLES `customerdetails` WRITE;
/*!40000 ALTER TABLE `customerdetails` DISABLE KEYS */;
INSERT INTO `customerdetails` VALUES ('Chris','Chris','Smart','regular',NULL),('DaveD','Dave','Dodson','valued',11),('Dom','Dominic','beatty','regular',NULL),('SarahB','Sarah','Broklehurst','valued',12);
/*!40000 ALTER TABLE `customerdetails` ENABLE KEYS */;
UNLOCK TABLES;

--
-- Table structure for table `discount`
--

DROP TABLE IF EXISTS `discount`;
/*!40101 SET @saved_cs_client     = @@character_set_client */;
/*!50503 SET character_set_client = utf8mb4 */;
CREATE TABLE `discount` (
  `iddiscount` int NOT NULL AUTO_INCREMENT,
  `type` int DEFAULT NULL,
  PRIMARY KEY (`iddiscount`)
) ENGINE=InnoDB AUTO_INCREMENT=13 DEFAULT CHARSET=utf8mb4 COLLATE=utf8mb4_0900_ai_ci;
/*!40101 SET character_set_client = @saved_cs_client */;

--
-- Dumping data for table `discount`
--

LOCK TABLES `discount` WRITE;
/*!40000 ALTER TABLE `discount` DISABLE KEYS */;
INSERT INTO `discount` VALUES (1,1),(3,2),(4,2),(5,2),(6,1),(7,1),(8,1),(9,2),(10,1),(11,2),(12,1);
/*!40000 ALTER TABLE `discount` ENABLE KEYS */;
UNLOCK TABLES;

--
-- Table structure for table `exchangerate`
--

DROP TABLE IF EXISTS `exchangerate`;
/*!40101 SET @saved_cs_client     = @@character_set_client */;
/*!50503 SET character_set_client = utf8mb4 */;
CREATE TABLE `exchangerate` (
  `idexchangerate` int NOT NULL AUTO_INCREMENT,
  `exchangerate` decimal(9,4) DEFAULT NULL,
  `exchangeratecol` datetime DEFAULT NULL,
  PRIMARY KEY (`idexchangerate`)
) ENGINE=InnoDB AUTO_INCREMENT=3 DEFAULT CHARSET=utf8mb4 COLLATE=utf8mb4_0900_ai_ci;
/*!40101 SET character_set_client = @saved_cs_client */;

--
-- Dumping data for table `exchangerate`
--

LOCK TABLES `exchangerate` WRITE;
/*!40000 ALTER TABLE `exchangerate` DISABLE KEYS */;
INSERT INTO `exchangerate` VALUES (1,0.5400,NULL),(2,0.4300,NULL);
/*!40000 ALTER TABLE `exchangerate` ENABLE KEYS */;
UNLOCK TABLES;

--
-- Table structure for table `fband`
--

DROP TABLE IF EXISTS `fband`;
/*!40101 SET @saved_cs_client     = @@character_set_client */;
/*!50503 SET character_set_client = utf8mb4 */;
CREATE TABLE `fband` (
  `idfband` int NOT NULL AUTO_INCREMENT,
  `fromBand` int DEFAULT NULL,
  `toBand` int DEFAULT NULL,
  PRIMARY KEY (`idfband`)
) ENGINE=InnoDB AUTO_INCREMENT=10 DEFAULT CHARSET=utf8mb4 COLLATE=utf8mb4_0900_ai_ci;
/*!40101 SET character_set_client = @saved_cs_client */;

--
-- Dumping data for table `fband`
--

LOCK TABLES `fband` WRITE;
/*!40000 ALTER TABLE `fband` DISABLE KEYS */;
INSERT INTO `fband` VALUES (1,0,5000),(2,5000,10000),(3,10000,15000),(4,15000,20000),(5,20000,999999),(6,0,4000),(7,0,1000),(8,1000,2000),(9,2000,99999);
/*!40000 ALTER TABLE `fband` ENABLE KEYS */;
UNLOCK TABLES;

--
-- Table structure for table `fixed`
--

DROP TABLE IF EXISTS `fixed`;
/*!40101 SET @saved_cs_client     = @@character_set_client */;
/*!50503 SET character_set_client = utf8mb4 */;
CREATE TABLE `fixed` (
  `idfixed` int NOT NULL AUTO_INCREMENT,
  `iddiscount` int DEFAULT NULL,
  `fixed_rate` decimal(4,2) DEFAULT NULL,
  PRIMARY KEY (`idfixed`)
) ENGINE=InnoDB AUTO_INCREMENT=7 DEFAULT CHARSET=utf8mb4 COLLATE=utf8mb4_0900_ai_ci;
/*!40101 SET character_set_client = @saved_cs_client */;

--
-- Dumping data for table `fixed`
--

LOCK TABLES `fixed` WRITE;
/*!40000 ALTER TABLE `fixed` DISABLE KEYS */;
INSERT INTO `fixed` VALUES (1,1,10.00),(2,6,20.00),(3,7,6.00),(4,8,5.00),(5,10,1.00),(6,12,2.00);
/*!40000 ALTER TABLE `fixed` ENABLE KEYS */;
UNLOCK TABLES;

--
-- Table structure for table `flexdiscband`
--

DROP TABLE IF EXISTS `flexdiscband`;
/*!40101 SET @saved_cs_client     = @@character_set_client */;
/*!50503 SET character_set_client = utf8mb4 */;
CREATE TABLE `flexdiscband` (
  `idflexdiscband` int NOT NULL AUTO_INCREMENT,
  `idflexible` int DEFAULT NULL,
  `idfband` int DEFAULT NULL,
  `discount` decimal(4,2) DEFAULT NULL,
  PRIMARY KEY (`idflexdiscband`)
) ENGINE=InnoDB AUTO_INCREMENT=18 DEFAULT CHARSET=utf8mb4 COLLATE=utf8mb4_0900_ai_ci;
/*!40101 SET character_set_client = @saved_cs_client */;

--
-- Dumping data for table `flexdiscband`
--

LOCK TABLES `flexdiscband` WRITE;
/*!40000 ALTER TABLE `flexdiscband` DISABLE KEYS */;
INSERT INTO `flexdiscband` VALUES (1,1,1,0.00),(2,1,2,1.00),(3,1,3,2.00),(4,1,4,3.00),(5,1,5,4.00),(6,2,1,10.00),(7,2,2,11.00),(8,2,3,12.00),(9,3,2,10.00),(10,3,3,12.00),(11,3,4,14.00),(12,3,5,16.00),(13,4,1,0.00),(14,4,6,0.00),(15,5,7,0.00),(16,5,8,1.00),(17,5,9,2.00);
/*!40000 ALTER TABLE `flexdiscband` ENABLE KEYS */;
UNLOCK TABLES;

--
-- Table structure for table `flexible`
--

DROP TABLE IF EXISTS `flexible`;
/*!40101 SET @saved_cs_client     = @@character_set_client */;
/*!50503 SET character_set_client = utf8mb4 */;
CREATE TABLE `flexible` (
  `idflexible` int NOT NULL AUTO_INCREMENT,
  `iddiscount` int DEFAULT NULL,
  PRIMARY KEY (`idflexible`)
) ENGINE=InnoDB AUTO_INCREMENT=6 DEFAULT CHARSET=utf8mb4 COLLATE=utf8mb4_0900_ai_ci;
/*!40101 SET character_set_client = @saved_cs_client */;

--
-- Dumping data for table `flexible`
--

LOCK TABLES `flexible` WRITE;
/*!40000 ALTER TABLE `flexible` DISABLE KEYS */;
INSERT INTO `flexible` VALUES (1,3),(2,4),(3,5),(4,9),(5,11);
/*!40000 ALTER TABLE `flexible` ENABLE KEYS */;
UNLOCK TABLES;

--
-- Table structure for table `refunds`
--

DROP TABLE IF EXISTS `refunds`;
/*!40101 SET @saved_cs_client     = @@character_set_client */;
/*!50503 SET character_set_client = utf8mb4 */;
CREATE TABLE `refunds` (
  `idrefunds` int NOT NULL AUTO_INCREMENT,
  `ticketnumber` varchar(45) DEFAULT NULL,
  `amountRefunded` varchar(45) DEFAULT NULL,
  PRIMARY KEY (`idrefunds`)
) ENGINE=InnoDB DEFAULT CHARSET=utf8mb4 COLLATE=utf8mb4_0900_ai_ci;
/*!40101 SET character_set_client = @saved_cs_client */;

--
-- Dumping data for table `refunds`
--

LOCK TABLES `refunds` WRITE;
/*!40000 ALTER TABLE `refunds` DISABLE KEYS */;
/*!40000 ALTER TABLE `refunds` ENABLE KEYS */;
UNLOCK TABLES;

--
-- Table structure for table `sales`
--

DROP TABLE IF EXISTS `sales`;
/*!40101 SET @saved_cs_client     = @@character_set_client */;
/*!50503 SET character_set_client = utf8mb4 */;
CREATE TABLE `sales` (
  `ticketnumber` int(8) unsigned zerofill DEFAULT NULL,
  `blanktype` int DEFAULT NULL,
  `salesamount` int DEFAULT NULL,
  `paid` varchar(4) DEFAULT NULL,
  `refunded` varchar(4) DEFAULT NULL,
  `tax` int DEFAULT NULL,
  `exchangerate` decimal(4,2) DEFAULT NULL,
  `customeremail` varchar(45) DEFAULT NULL,
  `amountPaid` int DEFAULT NULL,
  `paymentmethod` varchar(4) DEFAULT NULL,
  `commissionrate` decimal(4,2) DEFAULT NULL,
  `dateRecorded` date DEFAULT NULL,
  `idsales` int unsigned NOT NULL AUTO_INCREMENT,
  `tid` varchar(45) DEFAULT NULL,
  PRIMARY KEY (`idsales`)
) ENGINE=InnoDB AUTO_INCREMENT=16 DEFAULT CHARSET=utf8mb4 COLLATE=utf8mb4_0900_ai_ci;
/*!40101 SET character_set_client = @saved_cs_client */;

--
-- Dumping data for table `sales`
--

LOCK TABLES `sales` WRITE;
/*!40000 ALTER TABLE `sales` DISABLE KEYS */;
INSERT INTO `sales` VALUES (00000001,444,220,'y','n',58,0.54,'SarahB',272,'cash',9.00,'2020-01-02',7,'523'),(00000002,444,230,'y','y',98,0.54,'',328,'card',9.00,'2020-01-02',8,'524'),(00000001,201,86,'y','n',16,NULL,'',102,'cash',5.00,'2020-01-02',9,'723'),(00000003,444,63,'y','n',75,0.43,'DaveD',138,'card',9.00,'2020-03-25',10,'525'),(00000004,444,230,'x','n',58,0.43,'Chris',0,'cash',9.00,'2020-02-02',11,'526'),(00000002,201,75,'y','y',14,NULL,'',89,'card',5.00,'2020-02-02',12,'724'),(00000021,444,250,'y','n',60,0.43,'SarahB',304,'card',9.00,'2020-03-25',13,'543'),(00000022,444,300,'y','n',65,0.43,'',365,'card',9.00,'2020-02-03',14,'544'),(00000011,201,75,'y','y',14,NULL,'',89,'cash',5.00,'2020-02-03',15,'733');
/*!40000 ALTER TABLE `sales` ENABLE KEYS */;
UNLOCK TABLES;

--
-- Table structure for table `staff`
--

DROP TABLE IF EXISTS `staff`;
/*!40101 SET @saved_cs_client     = @@character_set_client */;
/*!50503 SET character_set_client = utf8mb4 */;
CREATE TABLE `staff` (
  `idstaff` int(3) unsigned zerofill NOT NULL AUTO_INCREMENT,
  `firstname` varchar(45) DEFAULT NULL,
  `surname` varchar(45) DEFAULT NULL,
  `username` varchar(45) DEFAULT NULL,
  `password` varchar(45) DEFAULT NULL,
  `role` varchar(45) DEFAULT NULL,
  `email` varchar(45) DEFAULT NULL,
  `commission` varchar(45) DEFAULT NULL,
  PRIMARY KEY (`idstaff`)
) ENGINE=InnoDB AUTO_INCREMENT=321 DEFAULT CHARSET=utf8mb4 COLLATE=utf8mb4_0900_ai_ci;
/*!40101 SET character_set_client = @saved_cs_client */;

--
-- Dumping data for table `staff`
--

LOCK TABLES `staff` WRITE;
/*!40000 ALTER TABLE `staff` DISABLE KEYS */;
INSERT INTO `staff` VALUES (211,'Dennis','Menace','211','Gnasher','t',NULL,NULL),(220,'Minnie','Minx','220','NotiGirl','m',NULL,NULL),(250,'Penelope','Pitstop','250','PinkMobile','t',NULL,NULL),(320,'Arthur','Daley','320','LiesaLot','a',NULL,NULL);
/*!40000 ALTER TABLE `staff` ENABLE KEYS */;
UNLOCK TABLES;

--
-- Table structure for table `travelagents`
--

DROP TABLE IF EXISTS `travelagents`;
/*!40101 SET @saved_cs_client     = @@character_set_client */;
/*!50503 SET character_set_client = utf8mb4 */;
CREATE TABLE `travelagents` (
  `idtravelagents` int NOT NULL AUTO_INCREMENT,
  `travelagentsName` varchar(45) DEFAULT NULL,
  `address` varchar(45) DEFAULT NULL,
  PRIMARY KEY (`idtravelagents`)
) ENGINE=InnoDB AUTO_INCREMENT=2 DEFAULT CHARSET=utf8mb4 COLLATE=utf8mb4_0900_ai_ci;
/*!40101 SET character_set_client = @saved_cs_client */;

--
-- Dumping data for table `travelagents`
--

LOCK TABLES `travelagents` WRITE;
/*!40000 ALTER TABLE `travelagents` DISABLE KEYS */;
INSERT INTO `travelagents` VALUES (1,'AIR LINK','addresshere');
/*!40000 ALTER TABLE `travelagents` ENABLE KEYS */;
UNLOCK TABLES;
/*!40103 SET TIME_ZONE=@OLD_TIME_ZONE */;

/*!40101 SET SQL_MODE=@OLD_SQL_MODE */;
/*!40014 SET FOREIGN_KEY_CHECKS=@OLD_FOREIGN_KEY_CHECKS */;
/*!40014 SET UNIQUE_CHECKS=@OLD_UNIQUE_CHECKS */;
/*!40101 SET CHARACTER_SET_CLIENT=@OLD_CHARACTER_SET_CLIENT */;
/*!40101 SET CHARACTER_SET_RESULTS=@OLD_CHARACTER_SET_RESULTS */;
/*!40101 SET COLLATION_CONNECTION=@OLD_COLLATION_CONNECTION */;
/*!40111 SET SQL_NOTES=@OLD_SQL_NOTES */;

-- Dump completed on 2020-03-26 12:59:44
